<?xml version="1.0" encoding="UTF-8"?>
<beans xmlns="http://www.springframework.org/schema/beans"
	   xmlns:xsi="http://www.w3.org/2001/XMLSchema-instance" xmlns:p="http://www.springframework.org/schema/p"
	   xmlns:context="http://www.springframework.org/schema/context"
	   xmlns:mvc="http://www.springframework.org/schema/mvc" xmlns:aop="http://www.springframework.org/schema/aop"
	   xsi:schemaLocation="http://www.springframework.org/schema/beans
                        http://www.springframework.org/schema/beans/spring-beans-3.1.xsd  
                        http://www.springframework.org/schema/context  
                        http://www.springframework.org/schema/context/spring-context-3.1.xsd  
                        http://www.springframework.org/schema/mvc  
                        http://www.springframework.org/schema/mvc/spring-mvc-4.0.xsd http://www.springframework.org/schema/aop http://www.springframework.org/schema/aop/spring-aop.xsd">
	
	<!-- 自动扫描该包，使SpringMVC认为包下用了@controller注解的类是控制器 -->
	<context:component-scan base-package="com.spring.mvc.controller" />
		
	<!-- 解决转json中文乱码 -->
	<mvc:annotation-driven/>
	
	<!-- 启动SpringMVC的注解功能，完成请求和注解POJO的映射 -->
	<bean class="org.springframework.web.servlet.mvc.method.annotation.RequestMappingHandlerAdapter">
		<!-- <property name="messageConverters">
			<list>
				<ref bean="mappingJacksonHttpMessageConverter" />	JSON转换器
			</list>
		</property> -->
	</bean>
	
	<!-- 定义跳转的文件的前后缀 ，视图模式配置 -->
	<bean class="org.springframework.web.servlet.view.InternalResourceViewResolver">
		<!-- 这里的配置我的理解是自动给后面action的方法return的字符串加上前缀和后缀，变成一个 可用的url地址 -->
		<property name="order" value="0"/>
		<property name="prefix" value="/views" />
		<property name="suffix" value=".jsp" />
		<property name="contentType" value="text/html;charset=UTF-8"/>
	</bean>
</beans>