<?xml version="1.0" encoding="UTF-8"?>
<beans xmlns="http://www.springframework.org/schema/beans"
       xmlns:xsi="http://www.w3.org/2001/XMLSchema-instance" xmlns:context="http://www.springframework.org/schema/context"
       xmlns:tx="http://www.springframework.org/schema/tx" xmlns:aop="http://www.springframework.org/schema/aop"
       xsi:schemaLocation="http://www.springframework.org/schema/beans
		http://www.springframework.org/schema/beans/spring-beans-3.0.xsd
	  	http://www.springframework.org/schema/context
	  	http://www.springframework.org/schema/context/spring-context-3.0.xsd
	    http://www.springframework.org/schema/tx
	    http://www.springframework.org/schema/tx/spring-tx-3.0.xsd
	    http://www.springframework.org/schema/aop
	    http://www.springframework.org/schema/aop/spring-aop-3.0.xsd
  		">
    <!-- 自动扫描 -->
    <context:component-scan base-package="com.spring.mvc" />
    
    <!-- 引入配置文件 -->
   <bean id="propertyConfigurer"
          class="org.springframework.beans.factory.config.PropertyPlaceholderConfigurer">
        <property name="locations">
            <list>
                <value>classpath:jdbc.properties</value>
            </list>
        </property>
    </bean>
    
    <!-- 配置数据库连接池（Druid） -->
    <bean id="dataSource" class="com.alibaba.druid.pool.DruidDataSource"
          init-method="init" destroy-method="close">
        <!-- 基本属性 url、user、password -->
        <property name="url" value="${jdbc.url}" />
        <property name="username" value="${jdbc.username}" />
        <property name="password" value="${jdbc.password}" />

        <!-- 配置初始化大小、最小、最大 -->
        <property name="initialSize" value="1" />
        <property name="minIdle" value="1" />
        <property name="maxActive" value="20" />

        <!-- 配置获取连接等待超时的时间 -->
        <property name="maxWait" value="60000" />

        <!-- 配置间隔多久才进行一次检测，检测需要关闭的空闲连接，单位是毫秒 -->
        <property name="timeBetweenEvictionRunsMillis" value="60000" />

        <!-- 配置一个连接在池中最小生存的时间，单位是毫秒 -->
        <property name="minEvictableIdleTimeMillis" value="300000" />

        <property name="validationQuery" value="SELECT 'x'" />
        <property name="testWhileIdle" value="true" />
        <property name="testOnBorrow" value="false" />
        <property name="testOnReturn" value="false" />

        <!-- 打开PSCache，并且指定每个连接上PSCache的大小 -->
        <property name="poolPreparedStatements" value="true" />
        <property name="maxPoolPreparedStatementPerConnectionSize"
                  value="20" />

        <!-- 配置监控统计拦截的filters -->
        <property name="filters" value="stat" />
    </bean>
    
    <!-- spring和MyBatis完美整合，不需要mybatis的配置映射文件 -->
    <bean id="sqlSessionFactory" class="org.mybatis.spring.SqlSessionFactoryBean">
        <property name="dataSource" ref="dataSource" />      
        <!-- 自动扫描mapping.xml文件 -->
        <property name="mapperLocations" value="classpath:com/spring/mvc/mapping/*.xml" />
    </bean>

    <!-- DAO接口所在包名，Spring会自动查找其下的类 -->
    <bean class="org.mybatis.spring.mapper.MapperScannerConfigurer">
        <property name="basePackage" value="com.spring.mvc.dao" />
        <property name="sqlSessionFactoryBeanName" value="sqlSessionFactory" />
    </bean>

    <!-- 注解式事务 -->
    <bean id="transactionManager"
          class="org.springframework.jdbc.datasource.DataSourceTransactionManager">
        <property name="dataSource" ref="dataSource" />
    </bean>
    <tx:annotation-driven transaction-manager="transactionManager" />
    <aop:aspectj-autoproxy proxy-target-class="true" />

</beans>